Word,Count
data,606
file,546
code,529
expanse,473
running,444
example,406
job,405
gpu,382
singularity,339
memory,319
container,296
node,292
sort,287
parallel,276
environment,274
command,236
nodes,235
access,210
jupyter,204
bit,201
user,198
build,193
files,190
batch,185
software,184
image,181
process,181
compute,180
hpc,179
cpu,178
systems,175
start,175
output,174
jobs,171
sycl,166
local,160
directory,158
create,153
mpi,153
shared,151
application,151
cores,151
processes,150
script,140
applications,133
cuda,133
notebook,132
kubernetes,129
computing,125
single,125
lustre,123
conda,122
containers,117
install,116
threads,108
intel,108
write,106
gpus,106
docker,106
copy,104
performance,103
log,102
home,102
device,101
python,101
submit,100
network,99
scratch,96
resources,94
compile,94
machine,92
hardware,92
version,91
model,90
information,86
